{
  "best_f1": 0.9333333333333333,
  "best_threshold": 0.5108388662338257,
  "best_precision": 1.0,
  "best_recall": 0.875,
  "tn": 20,
  "fp": 0,
  "fn": 1,
  "tp": 7,
  "precision_at_recall_80": 1.0,
  "threshold_at_recall_80": 0.5108388662338257,
  "precision_at_recall_90": 0.8,
  "threshold_at_recall_90": 0.49762335419654846
}